boosting-Thu Nov 19 16_48_47 2020_0.png,yes
boosting-Thu Nov 19 16_48_47 2020_2.png,yes
random-Sat Nov 21 16_20_53 2020_2.png,yes
random-Sat Nov 21 16_20_53 2020_3.png,yes
random-Sat Nov 21 16_20_53 2020_4.png,yes
random-Sat Nov 21 16_20_53 2020_5.png,yes
random-Sat Nov 21 16_20_53 2020_6.png,yes
random-Sat Nov 21 16_20_53 2020_7.png,yes
random-Sat Nov 21 16_20_53 2020_8.png,yes
random-Sat Nov 21 16_33_31 2020_0.png,yes
random-Sat Nov 21 16_33_31 2020_1.png,yes
random-Sat Nov 21 16_33_31 2020_10.png,yes
random-Sat Nov 21 16_33_31 2020_14.png,yes
random-Sat Nov 21 16_33_31 2020_18.png,yes
random-Sat Nov 21 16_33_31 2020_19.png,yes
random-Sat Nov 21 16_33_31 2020_2.png,yes
random-Sat Nov 21 16_33_31 2020_21.png,yes
random-Sat Nov 21 16_33_31 2020_22.png,yes
random-Sat Nov 21 16_33_31 2020_23.png,yes
random-Sat Nov 21 16_33_31 2020_24.png,yes
random-Sat Nov 21 16_33_31 2020_25.png,yes
random-Sat Nov 21 16_33_31 2020_26.png,yes
random-Sat Nov 21 16_33_31 2020_27.png,yes
random-Sat Nov 21 16_33_31 2020_28.png,yes
random-Sat Nov 21 16_33_31 2020_4.png,yes
random-Sat Nov 21 16_33_31 2020_5.png,yes
random-Sat Nov 21 16_33_31 2020_9.png,yes
random-Sat Nov 21 16_55_17 2020_0.png,yes
random-Sat Nov 21 16_55_17 2020_1.png,yes
random-Sat Nov 21 16_55_17 2020_2.png,yes
random-Sat Nov 21 16_55_17 2020_5.png,yes
random-Sat Nov 21 17_12_50 2020_10.png,yes
random-Sat Nov 21 17_12_50 2020_11.png,yes
random-Sat Nov 21 17_12_50 2020_17.png,yes
random-Sat Nov 21 17_12_50 2020_22.png,yes
random-Sat Nov 21 17_12_50 2020_23.png,yes
random-Sat Nov 21 17_12_50 2020_24.png,yes
random-Sat Nov 21 17_12_50 2020_25.png,yes
random-Sat Nov 21 17_12_50 2020_28.png,yes
random-Sat Nov 21 17_12_50 2020_29.png,yes
random-Sat Nov 21 17_34_38 2020_1.png,yes
random-Sat Nov 21 17_34_38 2020_10.png,yes
random-Sat Nov 21 17_34_38 2020_13.png,yes
random-Sat Nov 21 17_34_38 2020_2.png,yes
random-Sat Nov 21 17_34_38 2020_4.png,yes
random-Sat Nov 21 17_34_38 2020_5.png,yes
random-Sat Nov 21 17_34_38 2020_7.png,yes
random-Sat Nov 21 17_34_38 2020_8.png,yes
random-Sat Nov 21 17_34_38 2020_9.png,yes
random-Sat Nov 21 17_48_22 2020_0.png,yes
random-Sat Nov 21 17_48_22 2020_1.png,yes
random-Sat Nov 21 17_48_22 2020_6.png,yes
random-Sat Nov 21 17_48_22 2020_7.png,yes
random-Sat Nov 21 17_48_22 2020_8.png,yes
random-Sat Nov 21 17_48_22 2020_9.png,yes
randomSat Dec  5 14_10_58 2020_0.png,yes
randomSat Dec  5 14_10_58 2020_10.png,yes
randomSat Dec  5 14_10_58 2020_11.png,yes
randomSat Dec  5 14_10_58 2020_16.png,yes
randomSat Dec  5 14_10_58 2020_18.png,yes
randomSat Dec  5 14_10_58 2020_23.png,yes
randomSat Dec  5 14_10_58 2020_26.png,yes
randomSat Dec  5 14_10_58 2020_3.png,yes
randomSat Dec  5 14_10_58 2020_9.png,yes
randomSat Dec  5 15_02_51 2020_3.png,yes
randomSat Dec  5 15_02_51 2020_4.png,yes
randomSat Dec  5 15_05_39 2020_0.png,yes
randomSat Dec  5 15_05_39 2020_10.png,yes
randomSat Dec  5 15_05_39 2020_11.png,yes
randomSat Dec  5 15_05_39 2020_12.png,yes
randomSat Dec  5 15_05_39 2020_13.png,yes
randomSat Dec  5 15_05_39 2020_15.png,yes
randomSat Dec  5 15_05_39 2020_16.png,yes
randomSat Dec  5 15_05_39 2020_17.png,yes
randomSat Dec  5 15_05_39 2020_18.png,yes
randomSat Dec  5 15_05_39 2020_19.png,yes
randomSat Dec  5 15_05_39 2020_2.png,yes
randomSat Dec  5 15_05_39 2020_21.png,yes
randomSat Dec  5 15_05_39 2020_23.png,yes
randomSat Dec  5 15_05_39 2020_24.png,yes
randomSat Dec  5 15_05_39 2020_25.png,yes
randomSat Dec  5 15_05_39 2020_26.png,yes
randomSat Dec  5 15_05_39 2020_27.png,yes
randomSat Dec  5 15_05_39 2020_28.png,yes
randomSat Dec  5 15_05_39 2020_29.png,yes
randomSat Dec  5 15_05_39 2020_3.png,yes
randomSat Dec  5 15_05_39 2020_34.png,yes
randomSat Dec  5 15_05_39 2020_36.png,yes
randomSat Dec  5 15_05_39 2020_37.png,yes
randomSat Dec  5 15_05_39 2020_38.png,yes
randomSat Dec  5 15_05_39 2020_4.png,yes
randomSat Dec  5 15_05_39 2020_40.png,yes
randomSat Dec  5 15_05_39 2020_41.png,yes
randomSat Dec  5 15_05_39 2020_46.png,yes
randomSat Dec  5 15_05_39 2020_48.png,yes
randomSat Dec  5 15_05_39 2020_5.png,yes
randomSat Dec  5 15_05_39 2020_6.png,yes
randomSat Dec  5 15_05_39 2020_7.png,yes
randomSat Dec  5 15_05_39 2020_8.png,yes
randomSat Dec  5 15_05_39 2020_9.png,yes
randomSat Dec  5 16_25_35 2020_0.png,yes
randomSat Dec  5 16_25_35 2020_12.png,yes
randomSat Dec  5 16_25_35 2020_13.png,yes
randomSat Dec  5 16_25_35 2020_14.png,yes
randomSat Dec  5 16_25_35 2020_15.png,yes
randomSat Dec  5 16_25_35 2020_16.png,yes
randomSat Dec  5 16_25_35 2020_17.png,yes
randomSat Dec  5 16_25_35 2020_18.png,yes
randomSat Dec  5 16_25_35 2020_19.png,yes
randomSat Dec  5 16_25_35 2020_2.png,yes
randomSat Dec  5 16_25_35 2020_20.png,yes
randomSat Dec  5 16_25_35 2020_21.png,yes
randomSat Dec  5 16_25_35 2020_23.png,yes
randomSat Dec  5 16_25_35 2020_25.png,yes
randomSat Dec  5 16_25_35 2020_26.png,yes
randomSat Dec  5 16_25_35 2020_27.png,yes
randomSat Dec  5 16_25_35 2020_28.png,yes
randomSat Dec  5 16_25_35 2020_3.png,yes
randomSat Dec  5 16_25_35 2020_5.png,yes
randomSat Dec  5 16_25_35 2020_7.png,yes
randomSat Dec  5 16_25_35 2020_8.png,yes
randomSat Dec  5 16_25_35 2020_9.png,yes
randomSat Dec  5 17_23_01 2020_0.png,yes
randomSat Dec  5 17_23_01 2020_1.png,yes
randomSat Dec  5 17_23_01 2020_10.png,yes
randomSat Dec  5 17_23_01 2020_11.png,yes
randomSat Dec  5 17_23_01 2020_12.png,yes
randomSat Dec  5 17_23_01 2020_13.png,yes
randomSat Dec  5 17_23_01 2020_15.png,yes
randomSat Dec  5 17_23_01 2020_16.png,yes
randomSat Dec  5 17_23_01 2020_18.png,yes
randomSat Dec  5 17_23_01 2020_19.png,yes
randomSat Dec  5 17_23_01 2020_2.png,yes
randomSat Dec  5 17_23_01 2020_20.png,yes
randomSat Dec  5 17_23_01 2020_21.png,yes
randomSat Dec  5 17_23_01 2020_22.png,yes
randomSat Dec  5 17_23_01 2020_23.png,yes
randomSat Dec  5 17_23_01 2020_24.png,yes
randomSat Dec  5 17_23_01 2020_25.png,yes
randomSat Dec  5 17_23_01 2020_27.png,yes
randomSat Dec  5 17_23_01 2020_30.png,yes
randomSat Dec  5 17_23_01 2020_31.png,yes
randomSat Dec  5 17_23_01 2020_6.png,yes
randomSat Dec  5 17_23_01 2020_7.png,yes
randomSat Dec  5 17_23_01 2020_8.png,yes
randomSat Dec  5 17_23_01 2020_9.png,yes
slowwwSat Dec  5 15_52_25 2020_1.png,yes
slowwwSat Dec  5 15_58_33 2020_0.png,yes
slowwwSat Dec  5 15_58_33 2020_1.png,yes
slowwwSat Dec  5 15_58_33 2020_10.png,yes
slowwwSat Dec  5 15_58_33 2020_2.png,yes
slowwwSat Dec  5 15_58_33 2020_3.png,yes
slowwwSat Dec  5 15_58_33 2020_4.png,yes
slowwwSat Dec  5 15_58_33 2020_5.png,yes
slowwwSat Dec  5 15_58_33 2020_6.png,yes
slowwwSat Dec  5 15_58_33 2020_7.png,yes
slowwwSat Dec  5 15_58_33 2020_8.png,yes
slowwwSat Dec  5 15_58_33 2020_9.png,yes
slowwwSat Dec  5 16_12_27 2020_0.png,yes
slowwwSat Dec  5 16_12_27 2020_1.png,yes
slowwwSat Dec  5 16_12_27 2020_2.png,yes
slowwwSat Dec  5 16_12_27 2020_3.png,yes
slowwwSat Dec  5 16_12_27 2020_4.png,yes
slowwwSat Dec  5 16_12_27 2020_5.png,yes
slowwwSat Dec  5 16_12_27 2020_6.png,yes
slowwwSat Dec  5 16_12_27 2020_7.png,yes
stationary-Thu Nov 19 14_05_11 2020_0.png,yes
stationary-Thu Nov 19 14_05_11 2020_2.png,yes
stationary-Thu Nov 19 14_05_11 2020_3.png,yes
stationary-Thu Nov 19 14_08_34 2020_1.png,yes
stationary-Thu Nov 19 14_08_34 2020_4.png,yes
stationary-Thu Nov 19 14_08_34 2020_5.png,yes
stationary-Thu Nov 19 14_08_34 2020_6.png,yes
stationary-Thu Nov 19 14_08_34 2020_7.png,yes
stationary-Thu Nov 19 14_08_34 2020_8.png,yes
stationary-Wed Nov 18 20_50_47 2020_0.png,yes
stationary-Wed Nov 18 20_50_47 2020_2.png,yes
stationary-Wed Nov 18 20_50_47 2020_3.png,yes
stationary-Wed Nov 18 20_54_27 2020_0.png,yes
stationary-Wed Nov 18 20_54_27 2020_1.png,yes
stationary-Wed Nov 18 20_54_27 2020_2.png,yes
turnsSat Dec  5 15_40_55 2020_1.png,yes
turnsSat Dec  5 15_40_55 2020_2.png,yes
turnsSat Dec  5 15_40_55 2020_3.png,yes
turnsSat Dec  5 15_40_55 2020_6.png,yes
turnsSat Dec  5 16_22_13 2020_1.png,yes
turnsSat Dec  5 16_22_13 2020_2.png,yes
turnsSat Dec  5 16_22_13 2020_4.png,yes
turnsSat Dec  5 16_22_13 2020_5.png,yes
turnsSat Dec  5 16_22_13 2020_6.png,yes
random-Sat Nov 21 17_48_22 2020_11.png,yes
random-Sat Nov 21 17_48_22 2020_12.png,yes
random-Sat Nov 21 17_48_22 2020_15.png,yes
random-Sat Nov 21 17_48_22 2020_16.png,yes
random-Sat Nov 21 17_48_22 2020_17.png,yes
random-Sat Nov 21 17_48_22 2020_18.png,yes
random-Sat Nov 21 17_48_22 2020_22.png,yes
random-Sat Nov 21 16_33_31 2020_8.png,yes